Trans. Date,Post Date,Description,Amount,Category
01/27/2023,01/28/2023,"WALMART SC 03222 CENTRAL SC",24.51,"Merchandise"
01/28/2023,01/28/2023,"7-ELEVEN 36852 CLEMSON SC",11.22,"Gasoline"
01/28/2023,01/28/2023,"AUTOMATIC STATEMENT CREDIT",-6.02,"Awards and Rebate Credits"
01/29/2023,01/29/2023,"UBER TRIP 866-576-1039 CA",9.23,"Travel/ Entertainment"
01/29/2023,01/29/2023,"WALMART SC 03222 CENTRAL SC",31.96,"Merchandise"
01/31/2023,01/31/2023,"USPS PO 4516800631 CLEMSON SC",1.26,"Government Services"
01/31/2023,01/31/2023,"WALMART SC 04445 CLEMSON SC",9.03,"Merchandise"
02/01/2023,02/01/2023,"POPEYES 13303 ANDERSON SC",10.88,"Restaurants"
02/03/2023,02/03/2023,"EXXONMOBIL COLUMBIA SC",36.49,"Gasoline"
02/03/2023,02/03/2023,"ZAXBY'S #54001 FOUNTAIN INN SC00322R",8.95,"Restaurants"
02/04/2023,02/04/2023,"CHINA EXPRESS CLEMSON SC",10.85,"Restaurants"
02/04/2023,02/04/2023,"WALMART SC 04445 CLEMSON SC",15.35,"Merchandise"
02/06/2023,02/06/2023,"WALMART FUEL 04445 CLEMSON SC",35.40,"Gasoline"
02/07/2023,02/07/2023,"WALMART SC 04445 CLEMSON SC",38.65,"Merchandise"
02/08/2023,02/08/2023,"UBER TRIP 866-576-1039 CA",15.02,"Travel/ Entertainment"
02/09/2023,02/09/2023,"CHINA EXPRESS CLEMSON SC",10.85,"Restaurants"
02/09/2023,02/09/2023,"LS GOTTA RUN CLEMSON, 8642472527 SC",70.61,"Merchandise"
02/10/2023,02/10/2023,"WALMART SC 04445 CLEMSON SC",27.81,"Merchandise"
02/13/2023,02/13/2023,"CHICK-FIL-A #02536 CLEMSON SC",18.37,"Restaurants"
02/13/2023,02/13/2023,"CLEMSON SC DENTAL ASSOCI CLEMSON SC",174.40,"Medical Services"
02/14/2023,02/14/2023,"WALMART SC 04445 CLEMSON SC",43.90,"Merchandise"
02/16/2023,02/16/2023,"PAR*SMOOTHIE KING SK1213 CLEMSON SC",7.00,"Restaurants"
02/17/2023,02/17/2023,"WALMART FUEL 04445 CLEMSON SC",33.56,"Gasoline"
02/18/2023,02/18/2023,"CHICK-FIL-A #04395 ANDERSON SC",16.24,"Restaurants"
02/18/2023,02/18/2023,"PAR*SMOOTHIE KING SK1213 CLEMSON SC",8.50,"Restaurants"
02/19/2023,02/19/2023,"CHINA EXPRESS CLEMSON SC",10.85,"Restaurants"
02/19/2023,02/19/2023,"FREEDOM STOP #2 CHESNEE SC",2.29,"Gasoline"
02/21/2023,02/21/2023,"INTERNET PAYMENT - THANK YOU",-800.00,"Payments and Credits"
02/28/2023,02/28/2023,"AUTOMATIC STATEMENT CREDIT",-6.83,"Awards and Rebate Credits"
02/28/2023,02/28/2023,"INTERNET PAYMENT - THANK YOU",-449.18,"Payments and Credits"
02/28/2023,02/28/2023,"TARGET 00011981091 ANDERSON SC",13.45,"Supermarkets"
02/28/2023,02/28/2023,"WALMART SC 04445 CLEMSON SC",27.78,"Merchandise"
03/02/2023,03/02/2023,"ARDENS BURGER & GRILL ANDERSON SC",11.75,"Restaurants"
03/02/2023,03/02/2023,"MARATHON PETRO188441 CLEMSON SC",33.12,"Gasoline"
03/03/2023,03/03/2023,"PAR*SMOOTHIE KING SK1213 CLEMSON SC",7.00,"Restaurants"
03/04/2023,03/04/2023,"WALMART SC 03222 CENTRAL SC",38.22,"Merchandise"
03/05/2023,03/05/2023,"OSAKA EXPRESS CLEMSON SC",16.12,"Restaurants"
03/06/2023,03/06/2023,"MARCOS PIZZA - 8527 - CL CLEMSON SC",15.24,"Restaurants"
03/09/2023,03/09/2023,"VIOC GO0016 CLEMSON SC",52.09,"Automotive"
03/09/2023,03/09/2023,"WALMART SC 03222 CENTRAL SC",34.62,"Merchandise"
03/11/2023,03/11/2023,"BACKSTREETS PUB & GRILL CLEMSON SC",4.25,"Restaurants"
03/11/2023,03/11/2023,"ITSURWIENER CLEMSON SC",10.75,"Restaurants"
03/11/2023,03/11/2023,"LS GOTTA RUN CLEMSON, 8642472527 SC",50.87,"Merchandise"
03/11/2023,03/11/2023,"STOP A MINIT #32 LIBERTY SC",24.25,"Gasoline"
03/12/2023,03/12/2023,"UBER TRIP 866-576-1039 CA",1.00,"Travel/ Entertainment"
03/12/2023,03/12/2023,"UBER TRIP 866-576-1039 CA",15.99,"Travel/ Entertainment"
03/12/2023,03/12/2023,"WALMART SC 03222 CENTRAL SC",18.75,"Merchandise"
03/14/2023,03/14/2023,"CHICK-FIL-A #04395 ANDERSON SC",18.63,"Restaurants"
03/15/2023,03/15/2023,"CHINA EXPRESS CLEMSON SC",21.69,"Restaurants"
03/15/2023,03/15/2023,"WALMART FUEL 04445 CLEMSON SC",34.46,"Gasoline"
03/15/2023,03/15/2023,"WALMART SC 03222 CENTRAL SC",33.77,"Merchandise"
03/17/2023,03/17/2023,"PADDLE.NET* GEOGUESSR 7745236658 NY",23.88,"Merchandise"
03/18/2023,03/18/2023,"CHICK-FIL-A #00713 GREENVILLE SC",11.91,"Restaurants"
03/20/2023,03/20/2023,"MARCOS PIZZA - 8527 - CL CLEMSON SC",10.89,"Restaurants"
03/21/2023,03/21/2023,"GREENVILLE PARKINGWEST E GREENVILLE SC",5.00,"Services"
03/21/2023,03/21/2023,"QT 1109 ANDERSON SC0110902ZCGRKBGN",3.18,"Gasoline"
03/22/2023,03/22/2023,"CHICK-FIL-A #00713 GREENVILLE SC",12.52,"Restaurants"
03/22/2023,03/22/2023,"PUBLIX SUPERMARKETS #137 CLEMSON SC",22.37,"Supermarkets"
03/22/2023,03/22/2023,"QT 1134 GREENVILLE SC01134035SRW3EGN",39.08,"Gasoline"
03/24/2023,03/24/2023,"PAR*SMOOTHIE KING SK1213 CLEMSON SC",7.00,"Restaurants"
03/24/2023,03/24/2023,"PUBLIX SUPERMARKETS #137 CLEMSON SC",39.34,"Supermarkets"
03/25/2023,03/25/2023,"LS GOTTA RUN CLEMSON, 8642472527 SC",9.94,"Merchandise"
03/26/2023,03/28/2023,"CHINA EXPRESS CLEMSON SC",24.96,"Restaurants"
03/28/2023,03/28/2023,"AUTOMATIC STATEMENT CREDIT",-9.17,"Awards and Rebate Credits"
03/29/2023,03/29/2023,"CITGO TIGER MART CLEMSON SCL36372587",12.27,"Gasoline"
03/29/2023,03/29/2023,"PAR*SMOOTHIE KING SK1213 CLEMSON SC",7.00,"Restaurants"
03/29/2023,03/29/2023,"PUBLIX SUPERMARKETS #137 CLEMSON SC",14.12,"Supermarkets"
03/29/2023,03/29/2023,"REI #145 GREENVILLE GREENVILLE SC1264441450254711",21.86,"Merchandise"
03/29/2023,03/29/2023,"STOP A MINIT #32 LIBERTY SC",11.68,"Gasoline"
03/31/2023,03/31/2023,"PUBLIX SUPERMARKETS #137 CLEMSON SC",24.72,"Supermarkets"
03/31/2023,03/31/2023,"SUNOCO 0279740500 CLEMSON SC",30.22,"Gasoline"
04/03/2023,04/03/2023,"WALMART SC 04445 CLEMSON SC",24.15,"Merchandise"
04/04/2023,04/04/2023,"7009 GREAT CLIPS AT CLEM CLEMSON SC",16.00,"Services"
04/04/2023,04/04/2023,"PUBLIX SUPERMARKETS #137 CLEMSON SC",20.96,"Supermarkets"
04/05/2023,04/05/2023,"JOY OF TOKYO 3 864-232-2888 SC",12.41,"Restaurants"
04/05/2023,04/05/2023,"STOP A MINIT #32 LIBERTY SC",16.75,"Gasoline"
04/06/2023,04/06/2023,"CHARLESTON SPORTS PUB CL CLEMSON SC",25.47,"Restaurants"
04/08/2023,04/08/2023,"CIRCLE K # 23415 SPARTANBURG SC00879R",39.37,"Gasoline"
04/08/2023,04/08/2023,"JOY OF TOK* JOY OF TOK 8887072469 SC",13.95,"Restaurants"
04/10/2023,04/10/2023,"CHICK-FIL-A #04395 ANDERSON SC",12.37,"Restaurants"
04/12/2023,04/12/2023,"CVS/PHARMACY #08936 MURRELLS INLESC",11.33,"Merchandise"
04/14/2023,04/14/2023,"MTS- PRONTO SAN DIEGO CA113704",2.50,"Travel/ Entertainment"
04/18/2023,04/18/2023,"INTERNET PAYMENT - THANK YOU",-668.91,"Payments and Credits"
04/19/2023,04/19/2023,"JACKS GROCERY & DELI JULIAN CA",29.34,"Supermarkets"
04/24/2023,04/24/2023,"IDYLLWILD ICE CREAM AND IDYLLWILD CA",9.64,"Supermarkets"
04/28/2023,04/28/2023,"AUTOMATIC STATEMENT CREDIT",-7.94,"Awards and Rebate Credits"
04/30/2023,04/30/2023,"IN N OUT BURGER 292 CABAZON CA",5.01,"Restaurants"
04/30/2023,04/30/2023,"IN N OUT BURGER 292 CABAZON CA",10.99,"Restaurants"
04/30/2023,04/30/2023,"WALMART SC 05156 BEAUMONT CA",47.24,"Merchandise"
05/03/2023,05/03/2023,"BEAR SKINS BIG BEAR LAKECA",3.23,"Merchandise"
05/03/2023,05/03/2023,"TST* HIMALAYAN RESTAUR BIG BEAR LAKECA00055758011543913552AA",18.91,"Restaurants"
05/04/2023,05/04/2023,"BIG BEAR SPORTING GOODS BIG BEAR LAKECA",6.45,"Merchandise"
05/04/2023,05/04/2023,"USPS PO 0506900314 BIG BEAR CITYCA",22.01,"Government Services"
05/04/2023,05/04/2023,"VONS #2374 BIG BEAR LAKECA",76.30,"Supermarkets"
05/11/2023,05/11/2023,"MCDONALD'S F15250 PHELAN CA",2.04,"Restaurants"
05/11/2023,05/11/2023,"MCDONALD'S F15250 PHELAN CA",11.83,"Restaurants"
05/12/2023,05/12/2023,"JENSEN'S WRIGHTWOOD WRIGHTWOOD CA",18.47,"Supermarkets"
05/13/2023,05/13/2023,"JENSEN'S WRIGHTWOOD WRIGHTWOOD CA",60.24,"Supermarkets"
05/13/2023,05/13/2023,"WRIGHTWOOD MARKET WRIGHTWOOD CA",4.24,"Gasoline"
05/14/2023,05/14/2023,"JENSEN'S WRIGHTWOOD WRIGHTWOOD CA",3.37,"Supermarkets"
05/17/2023,05/17/2023,"INTERNET PAYMENT - THANK YOU",-371.90,"Payments and Credits"
05/18/2023,05/18/2023,"'49ER SALOON ACTON CA",6.00,"Restaurants"
05/18/2023,05/18/2023,"'49ER SALOON ACTON CA",22.36,"Restaurants"
05/18/2023,05/18/2023,"'49ER SALOON ACTON CA",28.97,"Restaurants"
05/18/2023,05/18/2023,"ACTON MKT COUNTRY STORE ACTON CA",2.62,"Supermarkets"
05/18/2023,05/18/2023,"ACTON MKT COUNTRY STORE ACTON CA",35.97,"Supermarkets"
05/18/2023,05/18/2023,"LOS ANGELES RV RESORT ACTON CA",1.75,"Services"
05/18/2023,05/18/2023,"USPS PO 0500180510 ACTON CA",10.20,"Government Services"
05/19/2023,05/19/2023,"BIG MOUTH PIZZA CO AGUA DULCE CA021859",15.33,"Restaurants"
05/19/2023,05/19/2023,"THE ORIGINAL ACTON MARKE ACTON CA",6.19,"Supermarkets"
05/20/2023,05/20/2023,"MARIA BONITA MEXICAN RES AGUA DULCE CA",8.12,"Restaurants"
05/20/2023,05/20/2023,"MARIA BONITA MEXICAN RES AGUA DULCE CA",37.66,"Restaurants"
05/21/2023,05/21/2023,"KWIK SERV GREEN VALLEY SANTA CLARITACA",3.99,"Gasoline"
05/23/2023,05/23/2023,"WEE VILL MARKET LANCASTER CA",4.16,"Supermarkets"
05/23/2023,05/23/2023,"WEE VILL MARKET LANCASTER CA",5.15,"Supermarkets"
05/23/2023,05/23/2023,"WEE VILL MARKET LANCASTER CA",11.22,"Supermarkets"
05/24/2023,05/24/2023,"TKS PIZZA AND PASTA TEHACHAPI CA",21.19,"Restaurants"
05/24/2023,05/24/2023,"TKS PIZZA AND PASTA TEHACHAPI CA",37.84,"Restaurants"
05/25/2023,05/28/2023,"THAI HACHAPI TEHACHAPI CA",26.87,"Restaurants"
05/26/2023,05/28/2023,"SEHRISH SUBS 58314 TEHACHAPI CA",12.22,"Restaurants"
05/26/2023,05/28/2023,"WALMART SC 04317 TEHACHAPI CA",74.53,"Merchandise"
05/27/2023,05/28/2023,"PRIMOS BURGERS TEHACHAPI CA",14.16,"Restaurants"
05/27/2023,05/28/2023,"USPS PO 0577460561 TEHACHAPI CA",7.14,"Government Services"
05/29/2023,05/29/2023,"AUTOMATIC STATEMENT CREDIT",-14.52,"Awards and Rebate Credits"
05/30/2023,05/30/2023,"NELDAS DINER LAKE ISABELLACA",24.76,"Restaurants"
05/30/2023,05/30/2023,"TACO BELL #032680 LAKE ISABELLACA",3.99,"Restaurants"
05/31/2023,05/31/2023,"AMAZON PRIME*ML9RT5I03 AMZN.COM/BILLWA5WH68EMXB2U",1.07,"Merchandise"
05/31/2023,05/31/2023,"SHELL10007121014 MOUNTAIN MESACA",5.99,"Gasoline"
06/01/2023,06/01/2023,"AMZN MKTP US*R96Y31LK3 AMZN.COM/BILLWA3M8FOZYA2O4",18.31,"Merchandise"
06/01/2023,06/01/2023,"KENNEDY MEADOWS GENERAL INYOKERN CA",3.11,"Restaurants"
06/01/2023,06/01/2023,"KENNEDY MEADOWS GENERAL INYOKERN CA",14.27,"Restaurants"
06/01/2023,06/01/2023,"KENNEDY MEADOWS GENERAL INYOKERN CA",21.79,"Restaurants"
06/01/2023,06/01/2023,"WWW.VARCOMM.NET 5595342211 CA",10.00,"Services"
06/02/2023,06/02/2023,"KENNEDY MEADOWS GENERAL INYOKERN CA",14.53,"Restaurants"
06/02/2023,06/02/2023,"SQ *GRUMPY BEAR'S RETR INYOKERN CA0001152921512849984001",4.00,"Supermarkets"
06/02/2023,06/02/2023,"SQ *GRUMPY BEAR'S RETR INYOKERN CA0001152921512848869298",6.46,"Supermarkets"
06/02/2023,06/02/2023,"SQ *GRUMPY BEAR'S RETR INYOKERN CA0001152921512849789080",10.00,"Supermarkets"
06/02/2023,06/02/2023,"SQ *GRUMPY BEAR'S RETR INYOKERN CA0001152921512846785995",14.01,"Supermarkets"
06/02/2023,06/02/2023,"SQ *GRUMPY BEAR'S RETR INYOKERN CA0001152921512846275397",15.00,"Supermarkets"
06/02/2023,06/02/2023,"SQ *GRUMPY BEAR'S RETR INYOKERN CA0001152921512848456244",25.70,"Supermarkets"
06/02/2023,06/02/2023,"SQ *TRIPLE CROWN OUTFI INYOKERN CA0001152921512847854897",166.69,"Merchandise"
06/03/2023,06/03/2023,"SQ *GRUMPY BEAR'S RETR INYOKERN CA0001152921512850671816",14.01,"Supermarkets"
06/03/2023,06/03/2023,"SQ *GRUMPY BEAR'S RETR INYOKERN CA0001152921512852596591",19.20,"Supermarkets"
06/04/2023,06/04/2023,"KENNEDY MEADOWS GENERAL INYOKERN CA",2.08,"Restaurants"
06/07/2023,06/07/2023,"AMAZON PRIME*T41GW6933 AMZN.COM/BILLWA33WSPSH8VDA",8.09,"Merchandise"
06/08/2023,06/08/2023,"HOSTEL CALIFORNIA BISHOP CA",68.40,"Travel/ Entertainment"
06/08/2023,06/08/2023,"MCDONALD'S F25417 LONE PINE CA",10.54,"Restaurants"
06/08/2023,06/08/2023,"SQ *BTT, INC. BISHOP CA0001152921512867395059",9.00,"Travel/ Entertainment"
06/08/2023,06/08/2023,"TST* ALABAMA HILLS CAF LONE PINE CA00045065012102518464AA",21.13,"Restaurants"
06/09/2023,06/09/2023,"DENNY'S #6064 BISHOP CA",14.10,"Restaurants"
06/09/2023,06/09/2023,"GREYHOUND LOS ANGELES CA",33.97,"Travel/ Entertainment"
06/09/2023,06/09/2023,"USPS PO 0579380160 TRUCKEE CA",19.25,"Government Services"
06/10/2023,06/10/2023,"INTERNET PAYMENT - THANK YOU",-541.11,"Payments and Credits"
06/10/2023,06/10/2023,"PRIME VIDEO *U59F16A93 888-802-3080 WAMMB1I6IE1VG",4.49,"Merchandise"
06/17/2023,06/17/2023,"SAFEWAY #0262 QUINCY CA",47.70,"Supermarkets"
06/17/2023,06/17/2023,"STORE QUINCY CA",24.50,"Restaurants"
06/20/2023,06/20/2023,"DOLLAR GENERAL #14490 QUINCY CA",4.25,"Merchandise"
06/20/2023,06/20/2023,"PIZZA FACTORY - CHESTER CHESTER CA",28.84,"Restaurants"
06/21/2023,06/21/2023,"CHESTER VALERO MART CHESTER CA",2.79,"Gasoline"
06/21/2023,06/21/2023,"HOLIDAY MARKET #54 CHESTER CA",34.58,"Supermarkets"
06/21/2023,06/21/2023,"PINE SHACK FROSTY CHESTER CA",9.68,"Restaurants"
06/21/2023,06/21/2023,"PINE SHACK FROSTY CHESTER CA",13.98,"Restaurants"
06/21/2023,06/21/2023,"SUBWAY 20464 CHESTER CA",18.99,"Restaurants"
06/23/2023,06/23/2023,"MCDONALD'S F12412 BURNEY CA",15.32,"Restaurants"
06/23/2023,06/23/2023,"RITE AID 06101 BURNEY CA",5.33,"Merchandise"
06/24/2023,06/24/2023,"BURNEY GROCERY OUTLET BURNEY CA",4.98,"Supermarkets"
06/24/2023,06/24/2023,"SAFEWAY #4178 BURNEY CACASHOVER $ 5.00 PURCHASES $ 54.18",59.18,"Supermarkets"
06/27/2023,06/27/2023,"INTERNET PAYMENT - THANK YOU",-600.00,"Payments and Credits"
06/27/2023,06/28/2023,"BERRYVALE GROCERY MOUNT SHASTA CA",10.48,"Supermarkets"
06/27/2023,06/28/2023,"CKE*YAKS SHACK MOUNT SHA MOUNT SHASTA CA",31.91,"Restaurants"
06/27/2023,06/28/2023,"MOUNT SHASTA VALERO MOUNT SHASTA CA",4.93,"Gasoline"
06/27/2023,06/28/2023,"RAYS FOOD PLACE #24 MT SHASTA CA",53.13,"Supermarkets"
06/27/2023,06/28/2023,"USPS PO 0552500067 MOUNT SHASTA CA",29.45,"Government Services"
06/28/2023,06/28/2023,"AUTOMATIC STATEMENT CREDIT",-21.64,"Awards and Rebate Credits"
06/30/2023,06/30/2023,"DOLLAR GENERAL #16154 ETNA CA",12.42,"Merchandise"
06/30/2023,06/30/2023,"DOLLAR GENERAL #16154 ETNA CA",33.25,"Merchandise"
06/30/2023,06/30/2023,"RAYS FOOD PLACE #25 ETNA CA",11.08,"Supermarkets"
07/01/2023,07/01/2023,"DOTTY S ETNA CA",15.82,"Restaurants"
07/01/2023,07/01/2023,"TST* ETNA BREWING COMP ETNA CA00042112012467469013AA",31.30,"Restaurants"
07/02/2023,07/02/2023,"DOTTY S ETNA CA",14.75,"Restaurants"
07/04/2023,07/04/2023,"INTERNET PAYMENT - THANK YOU",-374.46,"Payments and Credits"
07/04/2023,07/04/2023,"SEIAD CAFE SEIAD VALLEY CA",26.00,"Restaurants"
07/07/2023,07/07/2023,"AMAZON PRIME*7L9985JA3 AMZN.COM/BILLWA5NCSJ9V0MOI",8.09,"Merchandise"
07/07/2023,07/07/2023,"ASHLAND FOOD CO^OP ASHLAND OR",23.30,"Supermarkets"
07/07/2023,07/07/2023,"CREEKSIDE PIZZA ASHLAND OR",26.05,"Restaurants"
07/07/2023,07/07/2023,"SAFEWAY #3212 ASHLAND OR",5.03,"Supermarkets"
07/07/2023,07/07/2023,"SAFEWAY #3212 ASHLAND OR",90.85,"Supermarkets"
07/07/2023,07/07/2023,"SQ *SISKIYOU MOUNTAIN ASHLAND OR0001152921512953417653",5.95,"Supermarkets"
07/07/2023,07/07/2023,"USPS PO 4003840520 ASHLAND OR",17.10,"Government Services"
07/09/2023,07/09/2023,"SQ *FISH LAKE RESORT ASHLAND OR0001152921512961045147",17.51,"Restaurants"
07/11/2023,07/11/2023,"DIAMOND LAKE RESORT RETA DIAMOND LAKE OR",2.60,"Merchandise"
07/11/2023,07/11/2023,"DIAMOND LAKE RESORT RETA DIAMOND LAKE OR",13.45,"Merchandise"
07/12/2023,07/12/2023,"DIAMOND LAKE RESORT REST DIAMOND LAKE OR",28.14,"Restaurants"
07/12/2023,07/12/2023,"DIAMOND LAKE RESORT RETA DIAMOND LAKE OR",19.00,"Merchandise"
07/14/2023,07/14/2023,"FRONTIER RESERVATIONS DS DENVER CO",229.58,"Travel/ Entertainment"
07/15/2023,07/15/2023,"INTERNET PAYMENT - THANK YOU",-250.00,"Payments and Credits"
07/17/2023,07/17/2023,"BUNK^BREW 458-202-1090 OR",30.00,"Travel/ Entertainment"
07/17/2023,07/17/2023,"SQ *SHAKA SHAVE ICE 2 BEND OR0001152921512986223749",4.00,"Restaurants"
07/17/2023,07/17/2023,"TST* PAPI CHULOS - BEN BEND OR00095874012739286575AA",13.50,"Restaurants"
07/18/2023,07/18/2023,"BUNK^BREW 458-202-1090 OR",30.00,"Travel/ Entertainment"
07/18/2023,07/18/2023,"PTI* TUMALOCREEKNEW 4153615564 UT",24.00,"Travel/ Entertainment"
07/18/2023,07/18/2023,"PTI* TUMALOCREEKNEW 4153615564 UT",37.00,"Travel/ Entertainment"
07/18/2023,07/18/2023,"SAFEWAY #0514 BEND OR",19.47,"Supermarkets"
07/19/2023,07/19/2023,"CENTRAL OREGON BREEZE 5413897469 OR",60.00,"Travel/ Entertainment"
07/19/2023,07/19/2023,"J DUB BEND OR",22.00,"Restaurants"
07/19/2023,07/19/2023,"MARKET OF CHOICE #8 BEND OR",22.22,"Supermarkets"
07/20/2023,07/20/2023,"LIVING ROOM THEATERS PORTLAND OR",4.50,"Travel/ Entertainment"
07/20/2023,07/20/2023,"RAISING CANES 0714 PORTLAND OR02075R",16.85,"Restaurants"
07/20/2023,07/20/2023,"TRIMET TVM PORTLAND OR",2.50,"Travel/ Entertainment"
07/24/2023,07/24/2023,"NORTHWEST PORTLAND 503-8270405 OR",45.24,"Travel/ Entertainment"
07/24/2023,07/24/2023,"PIONEER PLACE STM 6 PORTLAND OR",15.00,"Travel/ Entertainment"
07/24/2023,07/24/2023,"RAISING CANES 0714 PORTLAND OR02423R",16.85,"Restaurants"
07/25/2023,07/25/2023,"DENVER AIRPORT DENVER CO",10.69,"Restaurants"
07/25/2023,07/25/2023,"NORTHWEST PORTLAND 503-8270405 OR",5.75,"Travel/ Entertainment"
07/27/2023,07/28/2023,"EXXONMOBIL COLUMBIA SC",45.73,"Gasoline"
07/28/2023,07/28/2023,"AUTOMATIC STATEMENT CREDIT",-12.69,"Awards and Rebate Credits"
08/02/2023,08/02/2023,"TARGET 00011999091 COLUMBIA SC",32.09,"Supermarkets"
08/07/2023,08/07/2023,"AMAZON PRIME*TA9UN2872 AMZN.COM/BILLWA5EBVM5354QV",8.09,"Merchandise"
08/07/2023,08/07/2023,"INTERNET PAYMENT - THANK YOU",-869.10,"Payments and Credits"
08/07/2023,08/07/2023,"PUBLIX SUPERMARKETS #137 CLEMSON SC",9.25,"Supermarkets"
08/08/2023,08/08/2023,"7009 GREAT CLIPS AT CLEM CLEMSON SC",15.00,"Services"
08/08/2023,08/08/2023,"CHINA EXPRESS CLEMSON SC",11.94,"Restaurants"
08/09/2023,08/09/2023,"MARATHON PETRO185637 CENTRAL SC",30.00,"Gasoline"
08/09/2023,08/09/2023,"PUBLIX SUPERMARKETS #137 CLEMSON SC",13.41,"Supermarkets"
08/12/2023,08/12/2023,"SAINTSTV 02035987963 GBR170.00 @ 00000001.2704059 GBP",215.97,"Merchandise"
08/12/2023,08/12/2023,"SUNOCO 0279740500 CLEMSON SC",39.40,"Gasoline"
08/13/2023,08/13/2023,"WAWA 5190 PALM SHORES FL",8.33,"Gasoline"
08/14/2023,08/14/2023,"THE SNEAKY TIKI STUART FL",11.65,"Restaurants"
08/14/2023,08/14/2023,"TST* TACO SHACK OF STUAR STUART FL",74.18,"Restaurants"
08/15/2023,08/15/2023,"TROPICAL SMOOTHIE CAFE F JUPITER FL",8.82,"Restaurants"
08/15/2023,08/16/2023,"SAINTSTV 02035987963 GBR-10.00 @ 00000001.2690516 GBP",-12.69,"Payments and Credits"
08/16/2023,08/16/2023,"BROTHERS Q BBQ STUART FL",65.23,"Restaurants"
08/17/2023,08/17/2023,"HUNGRY HOWIES - 02503 IRMO SC",17.25,"Restaurants"
08/18/2023,08/18/2023,"PLANET COMICS ANDERSON SC",11.00,"Merchandise"
08/19/2023,08/19/2023,"INGLES MARKETS #239 ANDERSON SC",45.98,"Supermarkets"
08/19/2023,08/19/2023,"LS GOTTA RUN CLEMSON, 8649860803 SC",21.81,"Merchandise"
08/20/2023,08/20/2023,"BACKSTREETS PUB & GRIL CLEMSON SC",4.89,"Restaurants"
08/20/2023,08/20/2023,"SHELL12666742007 GREENVILLE SC",26.01,"Gasoline"
08/21/2023,08/21/2023,"MARATHON PETRO188441 CLEMSON SC",20.43,"Gasoline"
08/21/2023,08/21/2023,"SPOTIFY P253364066 8777781161 NY",16.19,"Merchandise"
08/23/2023,08/23/2023,"CHINA EXPRESS CLEMSON SC",11.94,"Restaurants"
08/24/2023,08/24/2023,"PUBLIX SUPERMARKETS #137 CLEMSON SC",27.33,"Supermarkets"
08/25/2023,08/25/2023,"FOOD LION #2861 PENDLETON SC02580R",16.26,"Supermarkets"
08/25/2023,08/25/2023,"PAR*SMOOTHIE KING SK1213 CLEMSON SC",7.00,"Restaurants"
08/26/2023,08/26/2023,"WIX.COM, INC. NEW YORK NY",24.61,"Merchandise"
08/26/2023,08/26/2023,"WIX.COM, INC. NEW YORK NY",27.25,"Merchandise"
08/26/2023,08/28/2023,"CHICK-FIL-A #02536 CLEMSON SC",11.65,"Restaurants"
08/26/2023,08/28/2023,"SPEEDFACTORY INDOOR KART GREENVILLE SC",27.81,"Travel/ Entertainment"
08/27/2023,08/28/2023,"WALMART SC 03222 CENTRAL SC",58.57,"Merchandise"
08/28/2023,08/28/2023,"AUTOMATIC STATEMENT CREDIT",-15.33,"Awards and Rebate Credits"
08/28/2023,08/28/2023,"MARATHON PETRO188441 CLEMSON SC",37.62,"Gasoline"
08/28/2023,08/28/2023,"WALMART SC 03222 CENTRAL SC",5.29,"Merchandise"
08/29/2023,08/29/2023,"INTERNET PAYMENT - THANK YOU",-500.00,"Payments and Credits"
08/29/2023,08/29/2023,"MENS WEARHOUSE #3226 ANDERSON SC",230.03,"Merchandise"
08/30/2023,08/30/2023,"MARCOS PIZZA 8527 CLEMSON SC",15.25,"Restaurants"
08/31/2023,08/31/2023,"INGLES MARKETS #200 BOILING SPRINSC",15.96,"Supermarkets"
08/31/2023,08/31/2023,"MINUTEKEY BOULDER CO",4.28,"Home Improvement"
09/01/2023,09/01/2023,"EXXONMOBIL CHAPIN SC",44.02,"Gasoline"
09/01/2023,09/01/2023,"JOY OF TOK* JOY OF TOK 8887072469 SC",11.79,"Restaurants"
09/01/2023,09/01/2023,"LS GOTTA RUN CLEMSON, 8642472527 SC",16.53,"Merchandise"
09/01/2023,09/01/2023,"ZAXBY'S #70401 CHAPIN SC00115R",11.43,"Restaurants"
09/02/2023,09/02/2023,"FOOD LION #2849 COLUMBIA SC00264R",13.21,"Supermarkets"
09/04/2023,09/04/2023,"FOOD LION #2861 PENDLETON SC00400R",25.47,"Supermarkets"
09/04/2023,09/04/2023,"INGLES MARKETS #239 ANDERSON SC",12.40,"Supermarkets"
09/06/2023,09/06/2023,"INTERNET PAYMENT - THANK YOU",-841.66,"Payments and Credits"
09/06/2023,09/06/2023,"TST* SULLYS STEAMERS C CLEMSON SC00039176013557053864AA",7.36,"Restaurants"
09/07/2023,09/07/2023,"AMAZON PRIME*TR82Z1FU2 AMZN.COM/BILLWAU9QUSLL2S7X",16.19,"Merchandise"
09/07/2023,09/07/2023,"CHINA EXPRESS CLEMSON SC",11.94,"Restaurants"
09/07/2023,09/07/2023,"WALMART STORE 00396 ANDERSON SC",57.78,"Merchandise"
09/08/2023,09/08/2023,"COOK OUT WOODRUFF RD GREENVILLE SC",18.93,"Restaurants"
09/08/2023,09/08/2023,"MARATHON PETRO188441 CLEMSON SC",40.29,"Gasoline"
09/09/2023,09/09/2023,"PUBLIX #530 GREENVILLE SC",14.72,"Supermarkets"
09/12/2023,09/12/2023,"CHINA EXPRESS CLEMSON SC",11.94,"Restaurants"
09/14/2023,09/14/2023,"MURPHY6940ATWALMART CENTRAL SC",36.49,"Gasoline"
09/14/2023,09/14/2023,"PUBLIX SUPERMARKETS #137 CLEMSON SC",17.93,"Supermarkets"
09/14/2023,09/14/2023,"WALMART STORE 03222 CENTRAL SC",10.01,"Merchandise"
09/15/2023,09/15/2023,"JOY OF TOK* JOY OF TOK 8887072469 SC",12.33,"Restaurants"
09/15/2023,09/15/2023,"LS GOTTA RUN CLEMSON, 8642472527 SC",39.99,"Merchandise"
09/15/2023,09/17/2023,"AMAZON PRIME AMZN.COM/BILLWA3YVV7CLLD4W",-16.19,"Payments and Credits"
09/16/2023,09/16/2023,"CIRCLE K # 23439 CAMPOBELLO SC650739",6.28,"Gasoline"
09/17/2023,09/17/2023,"7-ELEVEN 42195 FOUNTAIN INN SC",2.99,"Gasoline"
09/17/2023,09/17/2023,"7-ELEVEN 42195 FOUNTAIN INN SC",35.34,"Gasoline"
09/17/2023,09/17/2023,"WALMART SC 03222 CENTRAL SC",60.31,"Merchandise"
09/18/2023,09/18/2023,"MARCOS PIZZA 8527 CLEMSON SC",13.07,"Restaurants"
09/20/2023,09/20/2023,"FOOD LION #2861 PENDLETON SC02015R",12.87,"Supermarkets"
09/21/2023,09/21/2023,"SPOTIFY P25F35C329 8777781161 NY",16.19,"Merchandise"
09/22/2023,09/22/2023,"DODGE STORE #8707 EASLEY SCL14884001",38.92,"Gasoline"
09/22/2023,09/22/2023,"JOY OF TOK* JOY OF TOK 8887072469 SC",12.33,"Restaurants"
09/23/2023,09/23/2023,"CHICK-FIL-A #04395 ANDERSON SC",16.24,"Restaurants"
09/24/2023,09/24/2023,"PUBLIX SUPERMARKETS #137 CLEMSON SC",47.93,"Supermarkets"
09/26/2023,09/26/2023,"WALMART SC 00396 ANDERSON SC",17.90,"Merchandise"
09/26/2023,09/28/2023,"CHINA EXPRESS CLEMSON SC",11.94,"Restaurants"
09/27/2023,09/28/2023,"JOY OF TOK* JOY OF TOK 8887072469 SC",12.33,"Restaurants"
09/27/2023,09/28/2023,"WALMART STORE 03222 CENTRAL SC",36.88,"Merchandise"
09/28/2023,09/28/2023,"AUTOMATIC STATEMENT CREDIT",-20.67,"Awards and Rebate Credits"
09/28/2023,09/28/2023,"FOOD LION #2861 PENDLETON SC02878R",4.99,"Supermarkets"
09/29/2023,09/29/2023,"INGLES GAS EXP #53 CLEMSON SC",36.27,"Gasoline"
09/29/2023,09/29/2023,"JOY OF TOK* JOY OF TOK 8887072469 SC",12.33,"Restaurants"
09/29/2023,09/29/2023,"WALMART SC 03222 CENTRAL SC",6.00,"Merchandise"
09/30/2023,09/30/2023,"BOJANGLES 2016 SIMPSONVILLE SC",7.23,"Restaurants"
09/30/2023,09/30/2023,"JOY OF TOK* JOY OF TOK 8887072469 SC",12.33,"Restaurants"
10/02/2023,10/02/2023,"CU PARKING SVCS ONLINE 864-656-0530 SC",4.00,"Education"
10/02/2023,10/02/2023,"INTERNET PAYMENT - THANK YOU",-698.46,"Payments and Credits"
10/03/2023,10/03/2023,"INGLES GAS EXPRESS #239 ANDERSON SC",35.33,"Gasoline"
10/03/2023,10/03/2023,"INGLES MARKETS #239 ANDERSON SC",36.70,"Supermarkets"
10/04/2023,10/04/2023,"DOMINO'S 5620 CLEMSON SC",11.43,"Restaurants"
10/06/2023,10/06/2023,"CHICK-FIL-A #04395 ANDERSON SC",12.37,"Restaurants"
10/08/2023,10/08/2023,"PAR*SMOOTHIE KING SK1213 CLEMSON SC",8.18,"Restaurants"
10/08/2023,10/08/2023,"WALMART SC 03222 CENTRAL SC",65.56,"Merchandise"
10/09/2023,10/09/2023,"MARCOS PIZZA 8527 CLEMSON SC",10.89,"Restaurants"
10/10/2023,10/10/2023,"QT 1109 ANDERSON SC01109036X5ZZ77N",33.42,"Gasoline"
10/11/2023,10/11/2023,"7009 GREAT CLIPS AT CLEM CLEMSON SC",17.00,"Services"
10/11/2023,10/11/2023,"CHINA EXPRESS CLEMSON SC",11.94,"Restaurants"
10/11/2023,10/11/2023,"VIOC GO0016 CLEMSON SC",52.09,"Automotive"
10/12/2023,10/12/2023,"DUNKIN #364465 PENDLETON SC",17.26,"Restaurants"
10/13/2023,10/13/2023,"JOY OF TOK* JOY OF TOK 8887072469 SC",12.33,"Restaurants"
10/14/2023,10/14/2023,"PAPA JOHN'S #0345 CLEMSON SC",12.36,"Restaurants"
10/15/2023,10/15/2023,"WALMART SC 03222 CENTRAL SC",42.83,"Merchandise"
10/16/2023,10/16/2023,"DODGE STORE #8707 EASLEY SCL14884001",34.76,"Gasoline"
10/16/2023,10/16/2023,"LS GOTTA RUN CLEMSON, 8649860803 SC",7.69,"Merchandise"
10/19/2023,10/19/2023,"CLEMSON SC DENTAL ASSOCI CLEMSON SC",5.00,"Medical Services"
10/19/2023,10/19/2023,"PAR*SMOOTHIE KING SK1213 CLEMSON SC",9.82,"Restaurants"
10/20/2023,10/20/2023,"PUBLIX SUPERMARKETS #137 CLEMSON SC",20.98,"Supermarkets"
10/21/2023,10/21/2023,"SPOTIFY P26A56671B 8777781161 NY",16.19,"Merchandise"
10/22/2023,10/22/2023,"CIRCLE K # 23439 CAMPOBELLO SC706650",16.91,"Gasoline"
10/23/2023,10/23/2023,"WALMART STORE 00396 ANDERSON SC",63.80,"Merchandise"
10/24/2023,10/24/2023,"ACADEMY SPORTS# 154 ANDERSON SC",150.59,"Merchandise"
10/24/2023,10/24/2023,"QT 1127 PENDLETON SC0112703VWCJFW9N",34.64,"Gasoline"
10/24/2023,10/25/2023,"SAINTSTV 02035987963 GBR-10.00 @ 00000001.2256104 GBP",-12.26,"Payments and Credits"
10/25/2023,10/25/2023,"CHINA EXPRESS CLEMSON SC",11.94,"Restaurants"
10/27/2023,10/28/2023,"AUTOZONE #0414 COLUMBIA SC",56.69,"Automotive"
10/27/2023,10/28/2023,"ZAXBY'S #54001 FOUNTAIN INN SC02788R",10.03,"Restaurants"
10/28/2023,10/28/2023,"AUTOMATIC STATEMENT CREDIT",-10.28,"Awards and Rebate Credits"
10/28/2023,10/28/2023,"INTERNET PAYMENT - THANK YOU",-150.59,"Payments and Credits"
10/28/2023,10/28/2023,"WALMART SC 02214 COLUMBIA (E) SC",45.13,"Merchandise"
10/30/2023,10/30/2023,"ARAMARK RAISING CANES CLEMSON SC",10.69,"Restaurants"
10/30/2023,10/30/2023,"ONE9 00061 CLINTON SC",35.36,"Gasoline"
10/31/2023,10/31/2023,"ITSURWIENER CLEMSON SC",25.75,"Restaurants"
10/31/2023,10/31/2023,"SUNOCO 0279740500 CLEMSON SC",11.76,"Gasoline"
10/31/2023,10/31/2023,"TIGER TOWN TAVERN CLEMSON SC",16.60,"Restaurants"
11/01/2023,11/01/2023,"CHICK-FIL-A #04395 ANDERSON SC",24.74,"Restaurants"
11/01/2023,11/01/2023,"INTERNET PAYMENT - THANK YOU",-500.00,"Payments and Credits"
11/01/2023,11/01/2023,"QT 1109 ANDERSON SC0110901WMUGHPAP",17.38,"Gasoline"
11/01/2023,11/01/2023,"SHELL57542936307 JOELTON TN",35.53,"Gasoline"
11/02/2023,11/02/2023,"CENEX JJ TRAVEL PLAZA OAKLEY KS",6.50,"Gasoline"
11/02/2023,11/02/2023,"FUELNTREAT NELSON MO",6.53,"Supermarkets"
11/02/2023,11/02/2023,"FUELNTREAT NELSON MO",15.17,"Gasoline"
11/02/2023,11/02/2023,"HUCK'S FOOD & FUEL STO ST. CHARLES MO",33.65,"Gasoline"
11/02/2023,11/02/2023,"SHELL12670598007 BUNKER HILL KS",31.77,"Gasoline"
11/02/2023,11/02/2023,"SHELL57444234504 LIMON CO",20.00,"Gasoline"
11/03/2023,11/03/2023,"INTERNET PAYMENT - THANK YOU",-302.12,"Payments and Credits"
11/03/2023,11/03/2023,"MATTRESS FIRM 003062 BOULDER CO",489.61,"Merchandise"
11/03/2023,11/03/2023,"TARGET 00000646091 BOULDER CO",32.96,"Supermarkets"
11/03/2023,11/03/2023,"TARGET 00000646091 BOULDER CO",65.60,"Supermarkets"
11/05/2023,11/05/2023,"BEST BUY 00002170295 AURORA CO",287.26,"Merchandise"
11/05/2023,11/05/2023,"SAFEWAY #1615 BOULDER CO",58.70,"Supermarkets"
11/08/2023,11/08/2023,"BEST BUY 00010314295 BOULDER CO",43.60,"Merchandise"
11/10/2023,11/10/2023,"BEST BUY MH00010793295 LONGMONT CO",43.47,"Merchandise"
11/10/2023,11/12/2023,"BEST BUY MH00010793295 LONGMONT CO",-43.60,"Payments and Credits"
11/17/2023,11/17/2023,"KING SOOPERS #0061 BOULDER CO",71.61,"Supermarkets"
11/19/2023,11/19/2023,"INTERNET PAYMENT - THANK YOU",-200.00,"Payments and Credits"
11/20/2023,11/20/2023,"NATURAL GROCERS BD BOULDER CO",5.87,"Supermarkets"
11/21/2023,11/21/2023,"SPOTIFY P275A880D3 8777781161 NY",16.19,"Merchandise"
11/22/2023,11/22/2023,"SAFEWAY #1615 BOULDER CO",40.76,"Supermarkets"
11/24/2023,11/24/2023,"FSP*FLEET FEET BOULDER C BOULDER CO",11.67,"Merchandise"
11/24/2023,11/28/2023,"TIKTOK SHOP SHOP.TIKTOK.CCA",5.95,"Merchandise"
11/26/2023,11/28/2023,"SAFEWAY #1615 BOULDER CO",66.38,"Supermarkets"
11/28/2023,11/28/2023,"A         S         C",-19.25,"Awards and Rebate Credits"
11/30/2023,11/30/2023,"INTERNET PAYMENT - THANK YOU",-700.00,"Payments and Credits"
11/30/2023,11/30/2023,"SAFEWAY #1615 BOULDER CO",22.11,"Supermarkets"
12/02/2023,12/02/2023,"VALVE BELLEVUE WA",29.99,"Merchandise"
12/03/2023,12/03/2023,"SAFEWAY #1615 BOULDER CO",56.64,"Supermarkets"
12/03/2023,12/03/2023,"VALVE BELLEVUE WA",9.99,"Merchandise"
12/04/2023,12/04/2023,"7-ELEVEN 13164 BOULDER CO",6.80,"Gasoline"
12/05/2023,12/05/2023,"FSP*FLEET FEET BOULDER C BOULDER CO",78.92,"Merchandise"
12/07/2023,12/07/2023,"FSP*FLEET FEET BOULDER C BOULDER CO",8.17,"Merchandise"
12/07/2023,12/07/2023,"SAFEWAY #1615 BOULDER CO",41.22,"Supermarkets"
12/09/2023,12/09/2023,"7-ELEVEN 13164 BOULDER CO",4.30,"Gasoline"
12/11/2023,12/11/2023,"STEAM PURCHASE 425-952-2985 WA",4.99,"Travel/ Entertainment"
12/12/2023,12/12/2023,"FEDEX OFFIC00004028069 BOULDER CO",5.62,"Services"
12/12/2023,12/12/2023,"SAFEWAY #1615 BOULDER CO",59.30,"Supermarkets"
12/13/2023,12/13/2023,"FSP*FLEET FEET BOULDER C BOULDER CO",59.87,"Merchandise"
12/14/2023,12/14/2023,"CIRCLE K 09866 BOULDER CO275599",38.48,"Gasoline"
12/14/2023,12/14/2023,"DISCOUNT-TIRE-CO COB-01 BOULDER CO",354.90,"Automotive"
12/14/2023,12/14/2023,"REI #44 BOULDER BOULDER CO5003830440301151",77.31,"Merchandise"
12/16/2023,12/16/2023,"O'REILLY 2636 BOULDER CO",80.68,"Automotive"
12/16/2023,12/16/2023,"SAFEWAY #1615 BOULDER CO",32.54,"Supermarkets"
12/17/2023,12/17/2023,"DOWNIEVILLE FUEL STOP DUMONT CO",4.73,"Gasoline"
12/19/2023,12/19/2023,"PANERA BREAD #202439 O 303-544-1800 CO1027556129",3.21,"Restaurants"
12/19/2023,12/19/2023,"ROCKET 6505 BOULDER CO",18.67,"Gasoline"
12/19/2023,12/19/2023,"SAFEWAY #1615 BOULDER CO",12.18,"Supermarkets"
12/20/2023,12/20/2023,"7-ELEVEN 33481 GOLDEN CO",4.54,"Gasoline"
12/20/2023,12/20/2023,"DOMINO'S 6231 BOULDER CO",15.24,"Restaurants"
12/21/2023,12/21/2023,"BARNES & NOBLE 2333 BOULDER CO",41.10,"Merchandise"
12/21/2023,12/21/2023,"SPOTIFY P28253E671 8777781161 NY",16.19,"Merchandise"
12/22/2023,12/22/2023,"SPROUTS FARMERS MARSSS BOULDER CO",12.75,"Supermarkets"
12/24/2023,12/24/2023,"SAFEWAY #1615 BOULDER CO",10.37,"Supermarkets"
12/24/2023,12/24/2023,"SAFEWAY #1615 BOULDER CO",18.50,"Supermarkets"
12/25/2023,12/25/2023,"MASABI RTD 303-299-6000 COPU7K47JMNQLDE4G",10.50,"Travel/ Entertainment"
12/26/2023,12/26/2023,"WALMART SC 02214 COLUMBIA (E) SC",39.79,"Merchandise"
12/26/2023,12/28/2023,"PUBLIX #1856 BOILING SPRINSC",25.00,"Supermarkets"
12/26/2023,12/28/2023,"PUBLIX #597 COLUMBIA SC",11.54,"Supermarkets"
12/27/2023,12/27/2023,"INTEREST CHARGE ON PURCHASES",21.87,"Interest"
12/28/2023,12/28/2023,"AUTOMATIC STATEMENT CREDIT",-12.53,"Awards and Rebate Credits"
12/28/2023,12/28/2023,"INTERNET PAYMENT - THANK YOU",-600.00,"Payments and Credits"
12/31/2023,12/31/2023,"EXXONMOBIL COLUMBIA SC",3.76,"Gasoline"
01/01/2024,01/01/2024,"SAFEWAY #1615 BOULDER CO",11.03,"Supermarkets"
01/02/2024,01/02/2024,"INTERNET PAYMENT - THANK YOU",-710.00,"Payments and Credits"
01/02/2024,01/02/2024,"SAFEWAY #1615 BOULDER CO",12.80,"Supermarkets"
01/03/2024,01/03/2024,"SAFEWAY #1615 BOULDER CO",30.32,"Supermarkets"
01/04/2024,01/04/2024,"CIRCLE K # 44057 BOULDER CO649332",15.64,"Gasoline"
01/04/2024,01/04/2024,"CIRCLE K # 44057 BOULDER CO649331",20.32,"Gasoline"
01/04/2024,01/04/2024,"DOMINO'S 6231 BOULDER CO",20.68,"Restaurants"
01/04/2024,01/04/2024,"SAFEWAY #1615 BOULDER CO",52.66,"Supermarkets"
01/05/2024,01/05/2024,"TARGET 00000646091 BOULDER CO",71.93,"Supermarkets"
01/08/2024,01/08/2024,"SAFEWAY #1615 BOULDER CO",15.24,"Supermarkets"
01/08/2024,01/08/2024,"SAFEWAY #1615 BOULDER CO",27.99,"Supermarkets"
01/10/2024,01/10/2024,"FSP*FLEET FEET BOULDER C BOULDER CO",21.54,"Merchandise"
01/11/2024,01/11/2024,"SAFEWAY #1615 BOULDER CO",38.58,"Supermarkets"
01/12/2024,01/12/2024,"INTERNET PAYMENT - THANK YOU",-346.99,"Payments and Credits"
01/12/2024,01/12/2024,"SAFEWAY #1615 BOULDER CO",30.12,"Supermarkets"
01/15/2024,01/15/2024,"FSP*FLEET FEET BOULDER C BOULDER CO",14.79,"Merchandise"
01/15/2024,01/15/2024,"STEAM PURCHASE 425-952-2985 WA",4.99,"Travel/ Entertainment"
01/15/2024,01/15/2024,"STEAM PURCHASE 425-952-2985 WA",5.99,"Travel/ Entertainment"
01/17/2024,01/17/2024,"CO DRIVER SERVI EMV DENVER CO",32.33,"Government Services"
01/17/2024,01/17/2024,"SAFEWAY #1615 BOULDER CO",68.06,"Supermarkets"
01/17/2024,01/17/2024,"USPS PO 0708830136 BOULDER CO",20.18,"Government Services"
01/21/2024,01/21/2024,"SPOTIFY P28E3CA751 8777781161 NY",16.19,"Merchandise"
01/23/2024,01/23/2024,"BETMGM ONLINE 423-345-1561 NJ",10.00,"Travel/ Entertainment"
01/23/2024,01/23/2024,"COSMOS PIZZA - NORTH BOU BOULDER CO",25.80,"Restaurants"
01/23/2024,01/23/2024,"FSP*FLEET FEET BOULDER C BOULDER CO",15.76,"Merchandise"
01/23/2024,01/23/2024,"VALVE BELLEVUE WA",26.99,"Merchandise"
01/25/2024,01/25/2024,"FEDEX OFFIC00004028069 BOULDER CO",7.50,"Services"
